{
  "model_info": {
    "algorithm": "XGBoost",
    "version": "3.2.0",
    "trained_on": "Google Colab",
    "random_seed": 42
  },
  "best_hyperparameters": {
    "subsample": 0.9,
    "n_estimators": 200,
    "min_child_weight": 1,
    "max_depth": 8,
    "learning_rate": 0.1,
    "gamma": 0.1,
    "colsample_bytree": 0.7
  },
  "cross_validation": {
    "scores": {
      "accuracy": {
        "mean": 0.9602603027810808,
        "std": 0.0017058260276592914
      },
      "precision": {
        "mean": 0.9634753218824027,
        "std": 0.0015003577499960712
      },
      "recall": {
        "mean": 0.9787164511717401,
        "std": 0.0012908115780133637
      },
      "f1": {
        "mean": 0.9710356399309692,
        "std": 0.0012390032178055958
      },
      "roc_auc": {
        "mean": 0.9942182274818622,
        "std": 0.00032826039979977595
      }
    }
  },
  "validation_performance": {
    "Accuracy": 0.9611622800764208,
    "Precision": 0.9653090758734753,
    "Recall": 0.9780887343416147,
    "F1-Score": 0.9716568860032464,
    "ROC-AUC": 0.9941847764284816
  },
  "test_performance": {
    "accuracy": 0.8717266676383423,
    "precision": 0.8198980624505493,
    "recall": 0.982948027883173,
    "f1_score": 0.8940499001795764,
    "roc_auc": 0.983466803773243
  },
  "confusion_matrix": {
    "tn": 27212,
    "fp": 9788,
    "fn": 773,
    "tp": 44559
  },
  "dataset_info": {
    "train_samples": 140272,
    "val_samples": 35069,
    "test_samples": 82332,
    "num_features": 194
  }
}